caseid,timetoentry,entry,priorvote,democrat,south,warchest
1807,90,0,1,1,0,1.22795
3313,89,0,.74000001,1,0,1.64868
3310,89,0,.77999997,1,0,1.4783601
907,78,0,1,1,1,.68254799
907,88,0,1,1,1,.67033798
3310,78,0,.77999997,1,0,1.4177001
3009,70,0,.67000002,1,0,1.68832
3313,78,0,.74000001,1,0,1.49721
533,67,0,.69,0,0,1.51466
907,53,0,1,1,1,.62364298
4101,83,0,.80000001,0,1,1.0256
3313,65,0,.74000001,1,0,1.46822
3310,65,0,.77999997,1,0,1.3602
907,26,0,1,1,1,.575342
533,53,0,.69,0,0,1.45709
4101,78,0,.80000001,0,1,.97213203
533,65,0,.69,0,0,1.4502701
907,65,0,1,1,1,.54341698
3313,53,0,.74000001,1,0,1.39326
527,59,0,.67000002,1,0,1.56399
4209,50,1,1,1,1,.52762902
3603,53,0,1,1,0,.714912
3603,26,0,1,1,0,.70405501
3310,53,0,.77999997,1,0,1.24184
4101,53,0,.80000001,0,1,.88170397
204,75,0,.95999998,1,1,.56703299
4101,65,0,.80000001,0,1,.87591302
204,53,0,.95999998,1,1,.56303698
204,65,0,.95999998,1,1,.55818599
527,53,0,.67000002,1,0,1.4857301
4209,26,0,1,1,1,.44999
3603,65,0,1,1,0,.65560699
3603,72,0,1,1,0,.641864
1807,78,0,1,1,0,.639678
1807,65,0,1,1,0,.63192999
4101,26,0,.80000001,0,1,.82812798
909,53,0,1,0,1,.32459399
204,26,0,.95999998,1,1,.51151103
4404,76,0,1,1,1,.40592301
533,26,0,.69,0,0,1.28918
909,58,0,1,0,1,.305062
202,53,0,.94,0,1,.451756
527,26,0,.67000002,1,0,1.41838
202,26,0,.94,0,1,.43252501
4404,65,0,1,1,1,.368963
4404,26,0,1,1,1,.36735901
3008,75,0,1,1,0,.57100302
4404,53,0,1,1,1,.363561
3008,26,0,1,1,0,.56765598
905,53,0,1,0,1,.270816
905,65,0,1,0,1,.262153
202,61,0,.94,0,1,.40502301
1601,84,0,1,0,0,.46108499
3008,53,0,1,1,0,.54759598
1809,90,0,1,1,0,.53337902
4407,53,0,1,0,1,.232545
3008,65,0,1,1,0,.52593499
903,53,0,1,1,1,.31794301
909,26,0,1,0,1,.22361401
1601,78,0,1,0,0,.42829001
912,78,0,1,0,1,.222288
903,26,0,1,1,1,.31141299
3313,26,0,.74000001,1,0,1.1630599
905,26,0,1,0,1,.21112201
1809,78,0,1,1,0,.50062799
4407,26,0,1,0,1,.20250399
1807,26,0,1,1,0,.49761999
1807,53,0,1,1,0,.49552101
1008,53,0,1,1,1,.282619
912,65,0,1,0,1,.191651
504,56,0,.99000001,1,0,.51045501
3309,89,0,1,1,0,.48385099
1008,65,0,1,1,1,.27228299
504,53,0,.99000001,1,0,.50286299
912,53,0,1,0,1,.18121301
504,26,0,.99000001,1,0,.50006402
1008,71,0,1,1,1,.26728499
1601,53,0,1,0,0,.37697801
1601,65,0,1,0,0,.37481001
4403,49,0,1,0,1,.167404
917,26,0,1,1,1,.25669
912,26,0,1,0,1,.16673701
2116,78,0,.97000003,1,0,.53189301
4403,26,0,1,0,1,.157141
1601,26,0,1,0,0,.36081001
2116,84,0,.97000003,1,0,.52327698
912,88,0,1,0,1,.13961101
1008,26,0,1,1,1,.21886601
917,31,0,1,1,1,.216381
4227,63,0,1,1,1,.216024
4227,53,0,1,1,1,.21389499
4207,53,0,.79000002,0,1,.644472
2116,65,0,.97000003,1,0,.48954201
1809,65,0,1,1,0,.412543
4227,26,0,1,1,1,.20524199
4208,63,0,1,0,1,.112483
3309,78,0,1,1,0,.40696201
4208,26,0,1,0,1,.110724
1408,64,0,.74000001,1,0,1.05435
1408,53,0,.74000001,1,0,1.05246
4207,63,0,.79000002,0,1,.62942898
3404,53,0,1,0,0,.31037501
902,45,0,.99000001,0,1,.127572
1809,53,0,1,1,0,.39417201
1003,39,0,1,1,1,.187374
4224,53,0,.92000002,1,1,.38470501
4221,53,0,.93000001,0,1,.26701099
3404,63,0,1,0,0,.297674
1003,26,0,1,1,1,.179528
4207,26,0,.79000002,0,1,.61282402
1809,26,0,1,1,0,.37891299
4208,53,0,1,0,1,.082390003
4105,53,0,1,1,1,.169358
3007,65,0,.74000001,0,0,.93398601
3007,75,0,.74000001,0,0,.93383503
4105,83,0,1,1,1,.16855501
1408,26,0,.74000001,1,0,1.0155801
4105,78,0,1,1,1,.160855
4224,63,0,.92000002,1,1,.35990801
3316,78,0,.97000003,1,0,.438867
3316,26,0,.97000003,1,0,.438348
4105,65,0,1,1,1,.156498
3310,26,0,.77999997,1,0,.905128
1705,74,0,1,0,0,.262308
1705,65,0,1,0,0,.25965101
4104,83,0,1,1,1,.140377
4107,83,0,.80000001,0,1,.54972202
4221,26,0,.93000001,0,1,.21640299
2603,43,0,1,1,1,.13107
1705,53,0,1,0,0,.24479499
3325,78,0,1,0,0,.23874199
2603,26,0,1,1,1,.121952
3309,53,0,1,1,0,.32241699
3325,65,0,1,0,0,.232363
3007,53,0,.74000001,0,0,.87973797
4502,78,0,1,1,0,.316838
3325,53,0,1,0,0,.22164001
902,26,0,.99000001,0,1,.039289001
3712,26,0,1,1,0,.30637601
4104,78,0,1,1,1,.099905998
3325,89,0,1,0,0,.21495999
3404,26,0,1,0,0,.211294
3709,65,0,1,0,0,.209611
3307,89,0,1,1,0,.298944
4104,65,0,1,1,1,.092959002
3309,65,0,1,1,0,.29614699
4217,26,0,1,1,1,.084077999
4104,53,0,1,1,1,.083003998
2602,58,0,1,1,1,.082872003
3316,89,1,.97000003,1,0,.356846
2602,26,0,1,1,1,.075739004
4224,26,0,.92000002,1,1,.27467099
4104,26,0,1,1,1,.075080998
1705,26,0,1,0,0,.190743
3325,26,0,1,0,0,.190538
3307,78,0,1,1,0,.27896699
4502,81,0,1,1,0,.27684599
3316,65,0,.97000003,1,0,.351302
3711,65,0,1,1,0,.27401599
3102,75,0,1,0,0,.184259
2602,53,0,1,1,1,.064542003
3307,26,0,1,1,0,.269357
4217,53,0,1,1,1,.058784999
3709,53,0,1,0,0,.174595
3334,73,0,.95999998,0,0,.26938
4217,63,0,1,1,1,.050868999
3712,53,0,1,1,0,.256392
3316,53,0,.97000003,1,0,.33119801
301,46,0,1,1,1,.046769999
4107,78,0,.80000001,0,1,.455621
4107,65,0,.80000001,0,1,.45199099
3709,72,0,1,0,0,.15637501
3711,53,0,1,1,0,.245819
301,26,0,1,1,1,.039476998
3309,26,0,1,1,0,.244553
3307,53,0,1,1,0,.24166501
3102,65,0,1,0,0,.14636201
4107,53,0,.80000001,0,1,.439311
4105,26,0,1,1,1,.029711001
4502,53,0,1,1,0,.23459101
3333,89,0,1,1,0,.229623
4502,65,0,1,1,0,.229537
3717,53,0,1,0,0,.138798
1407,53,0,1,1,0,.22709399
4604,70,0,1,1,0,.22518601
3717,65,0,1,0,0,.134086
3333,78,0,1,1,0,.221875
1407,26,0,1,1,0,.220241
3711,26,0,1,1,0,.218447
3717,72,0,1,0,0,.12772299
4216,63,0,1,1,1,.011211
4210,51,0,.93000001,1,1,.182344
4216,53,0,1,1,1,.0071399999
3717,26,0,1,0,0,.122033
3307,65,0,1,1,0,.211301
4216,26,0,1,1,1,.0025150001
3102,53,0,1,0,0,.118399
3007,26,0,.74000001,0,0,.76670301
4218,63,0,.99000001,1,1,.026062001
3333,53,0,1,1,0,.20562799
3504,78,0,1,1,0,.20138399
4218,53,0,.99000001,1,1,.018214
3333,65,0,1,1,0,.198431
4502,26,0,1,1,0,.194773
4604,53,0,1,1,0,.19448701
2116,53,0,.97000003,1,0,.26870701
3709,26,0,1,0,0,.104073
4604,65,0,1,1,0,.193436
3102,26,0,1,0,0,.1036
4215,26,0,.93000001,1,1,.161732
3334,65,0,.95999998,0,0,.202006
4604,26,0,1,1,0,.18626601
4215,63,0,.93000001,1,1,.15235899
2116,26,0,.97000003,1,0,.257153
4218,26,0,.99000001,1,1,0
3504,57,0,1,1,0,.180655
4215,53,0,.93000001,1,1,.148388
3333,26,0,1,1,0,.179322
1701,74,0,.94999999,1,0,.300412
4106,83,0,.75999999,1,1,.56529301
3334,53,0,.95999998,0,0,.179042
4225,63,0,.70999998,1,1,.67876202
404,56,0,.87,0,0,.395033
1701,65,0,.94999999,1,0,.279856
1803,78,0,1,1,0,.15474001
1811,90,0,.80000001,1,0,.65309697
4225,53,0,.70999998,1,1,.67016202
4210,26,0,.93000001,1,1,.116742
2118,40,0,.75999999,0,0,.65565199
3504,53,0,1,1,0,.14458901
1803,90,0,1,1,0,.14253201
1701,53,0,.94999999,1,0,.26687601
1811,78,0,.80000001,1,0,.63959599
3712,65,0,1,1,0,.138785
3334,26,0,.95999998,0,0,.148057
1803,65,0,1,1,0,.13644201
4106,78,0,.75999999,1,1,.52915502
1701,26,0,.94999999,1,0,.25060901
1803,53,0,1,1,0,.125091
3504,26,0,1,1,0,.121943
303,66,0,.74000001,0,1,.47163999
1407,64,0,1,1,0,.117425
2118,26,0,.75999999,0,0,.62453699
919,26,0,.72000003,1,1,.602166
3711,72,0,1,1,0,.106439
2401,70,0,.77999997,1,1,.44917399
4505,42,0,.75999999,1,0,.70483601
3712,72,0,1,1,0,.105722
2401,65,0,.77999997,1,1,.44586399
1907,78,0,1,1,0,.101904
4702,57,0,1,1,0,.096490003
2401,53,0,.77999997,1,1,.435184
1706,74,0,.73000002,0,0,.66918802
2403,75,0,.88,1,1,.17839199
4702,26,0,1,1,0,.082028002
3304,89,0,.69999999,0,0,.74091899
1803,26,0,1,1,0,.080115996
1706,65,0,.73000002,0,0,.66352302
1706,53,0,.73000002,0,0,.66068202
1907,53,0,1,1,0,.075225003
3720,65,0,.98000002,1,0,.123118
3720,72,0,.98000002,1,0,.122887
1907,26,0,1,1,0,.067932002
1907,89,0,1,1,0,.066405997
4702,53,0,1,1,0,.064718001
3720,53,0,.98000002,1,0,.114555
1907,65,0,1,1,0,.061903998
303,65,0,.74000001,0,1,.407204
503,10,0,.70999998,1,0,.77736002
4203,53,0,.81,0,1,.231905
4107,26,0,.80000001,0,1,.256807
303,53,0,.74000001,0,1,.403846
1811,65,0,.80000001,1,0,.54753703
1811,53,0,.80000001,1,0,.54152101
4505,26,0,.75999999,1,0,.639516
4203,63,0,.81,0,1,.21784601
522,53,0,.69,0,0,.72038603
3308,78,0,1,1,0,.035332002
3720,26,0,.98000002,1,0,.081605002
2403,26,0,.88,1,1,.124307
1706,26,0,.73000002,0,0,.61223501
3308,89,0,1,1,0,.027372001
2403,53,0,.88,1,1,.116627
522,61,0,.69,0,0,.70295203
3703,33,0,.94,1,0,.168313
2403,65,0,.88,1,1,.111928
3308,65,0,1,1,0,.016713001
3702,65,0,.93000001,1,0,.190072
2401,26,0,.77999997,1,1,.35650399
4225,26,0,.70999998,1,1,.52529901
3308,26,0,1,1,0,.00373
3304,78,0,.69999999,0,0,.66187501
3308,53,0,1,1,0,.001763
404,53,0,.87,0,0,.235985
908,78,0,.73000002,0,1,.37895101
4106,65,0,.75999999,1,1,.39350501
3722,70,0,.95999998,1,0,.098439999
303,26,0,.74000001,0,1,.34777999
4106,53,0,.75999999,1,1,.38356099
3328,82,0,.93000001,1,0,.16476101
3328,78,0,.93000001,1,0,.16436601
3703,26,0,.94,1,0,.137226
3722,26,0,.95999998,1,0,.085887
404,26,0,.87,0,0,.21927901
3722,65,0,.95999998,1,0,.081584997
3722,53,0,.95999998,1,0,.081453003
908,88,0,.73000002,0,1,.35562301
4202,26,0,.87,1,1,.093183003
1811,26,0,.80000001,1,0,.457829
4206,54,0,.67000002,0,1,.485562
3328,53,0,.93000001,1,0,.131835
908,53,0,.73000002,0,1,.332266
3328,65,0,.93000001,1,0,.127817
3328,26,0,.93000001,1,0,.123265
3304,65,0,.69999999,0,0,.60456002
3702,26,0,.93000001,1,0,.119319
908,65,0,.73000002,0,1,.320564
3304,53,0,.69999999,0,0,.60016602
1401,53,0,.95999998,1,0,.039956
4202,53,0,.87,1,1,.051833
522,26,0,.69,0,0,.61618102
4206,53,0,.67000002,0,1,.460042
1401,64,0,.95999998,1,0,.031463001
4203,26,0,.81,0,1,.105473
3906,76,0,.75999999,1,1,.319552
3332,89,0,.72000003,1,0,.62244898
1801,26,0,.81999999,0,0,.28299499
3705,70,0,.77999997,0,0,.38247201
1801,40,0,.81999999,0,0,.28066701
1401,26,0,.95999998,1,0,.018183
908,26,0,.73000002,0,1,.29371199
3906,65,0,.75999999,1,1,.29576901
2607,71,0,.67000002,1,1,.51440501
3702,72,0,.93000001,1,0,.071492001
1005,65,0,.77999997,1,1,.23983
3705,53,0,.77999997,0,0,.35601199
3705,26,0,.77999997,0,0,.34777901
4106,26,0,.75999999,1,1,.274854
1005,69,0,.77999997,1,1,.213257
3906,53,0,.75999999,1,1,.26048201
3421,71,0,.85000002,1,0,.241273
3318,65,0,.93000001,1,0,.041285001
3402,71,0,.72000003,0,0,.468606
3318,53,0,.93000001,1,0,.033199001
3702,53,0,.93000001,1,0,.032648999
916,78,0,.69,1,1,.42478701
1905,65,0,.77999997,1,0,.40534201
2101,26,0,.91000003,1,0,.080932997
3332,78,0,.72000003,1,0,.54895401
3705,65,0,.77999997,0,0,.309542
3312,78,0,.93000001,1,0,.021032
916,88,0,.69,1,1,.413495
3318,78,0,.93000001,1,0,.01998
3312,26,0,.93000001,1,0,.019562
3312,89,0,.93000001,1,0,.019556999
1010,56,0,.63,1,1,.559048
3312,53,0,.93000001,1,0,.016376
1905,67,0,.77999997,1,0,.390277
3312,65,0,.93000001,1,0,.01386
3421,26,0,.85000002,1,0,.212559
3318,89,0,.93000001,1,0,.012411
1010,53,0,.63,1,1,.55485302
4606,89,0,.74000001,0,0,.39415899
3421,53,0,.85000002,1,0,.208537
3304,26,0,.69999999,0,0,.48925701
1905,53,0,.77999997,1,0,.37883601
3311,89,0,.88,1,0,.128815
3318,26,0,.93000001,1,0,0
2607,65,0,.67000002,1,1,.442099
525,65,0,.85000002,1,0,.198019
3332,65,0,.72000003,1,0,.52226597
525,53,0,.85000002,1,0,.197879
525,75,0,.85000002,1,0,.19643199
2607,53,0,.67000002,1,1,.43871999
3421,65,0,.85000002,1,0,.195224
2101,73,0,.91000003,1,0,.044477001
3311,78,0,.88,1,0,.118428
1415,64,0,.70999998,0,0,.45252001
3332,53,0,.72000003,1,0,.51607502
1415,53,0,.70999998,0,0,.45025301
2607,26,0,.67000002,1,1,.432372
4606,78,0,.74000001,0,0,.37379199
916,53,0,.69,1,1,.381603
916,65,0,.69,1,1,.37557799
3906,26,0,.75999999,1,1,.200708
1808,90,0,.80000001,1,0,.30365101
1005,53,0,.77999997,1,1,.147129
3311,53,0,.88,1,0,.103286
1010,26,0,.63,1,1,.51983303
3009,65,0,.67000002,1,0,.62438899
3402,53,0,.72000003,0,0,.408104
3332,26,0,.72000003,1,0,.49707699
3311,26,0,.88,1,0,.093578003
2101,53,0,.91000003,1,0,.018466
524,62,0,.72000003,1,0,.48969501
3402,65,0,.72000003,0,0,.39700401
701,89,0,.76999998,1,0,.36169299
2101,65,0,.91000003,1,0,.01145
1005,26,0,.77999997,1,1,.12987199
304,53,0,.69,1,1,.35419399
1808,78,0,.80000001,1,0,.285467
1415,26,0,.70999998,0,0,.42025399
3311,65,0,.88,1,0,.085173003
701,78,0,.76999998,1,0,.35743701
304,74,0,.69,1,1,.35045201
304,26,0,.69,1,1,.35043001
4606,53,0,.74000001,0,0,.33997899
4606,65,0,.74000001,0,0,.33969101
3402,26,0,.72000003,0,0,.383295
910,78,0,.73000002,0,1,.150473
1808,26,0,.80000001,1,0,.26579699
524,53,0,.72000003,1,0,.46529701
910,88,0,.73000002,0,1,.14290901
525,26,0,.85000002,1,0,.137475
3009,53,0,.67000002,1,0,.57681102
3701,72,0,.75999999,1,0,.35165599
915,88,0,.66000003,0,1,.301128
304,65,0,.69,1,1,.315373
3009,26,0,.67000002,1,0,.56980997
4206,26,0,.67000002,0,1,.27122799
3710,72,0,.73000002,0,0,.32675201
4109,78,0,.81,1,1,.010682
4109,65,0,.81,1,1,.010419
3721,72,0,.77999997,0,0,.20153201
4109,83,0,.81,1,1,.007007
4109,53,0,.81,1,1,.006486
4606,26,0,.74000001,0,0,.29697901
2405,34,0,.81,1,1,.003453
4609,89,0,.74000001,0,0,.29436901
3710,53,0,.73000002,0,0,.31822699
4109,26,0,.81,1,1,.00027600001
2405,26,0,.81,1,1,0
915,78,0,.66000003,0,1,.28361899
3710,26,0,.73000002,0,0,.31196499
3721,65,0,.77999997,0,0,.18606301
3412,65,0,.80000001,0,0,.13525
1412,64,0,.75,0,0,.25641799
511,26,0,.69999999,1,0,.470182
3701,65,0,.75999999,1,0,.32036
510,75,0,.86000001,1,0,.069799997
4226,61,0,.69,0,1,.19853801
1808,53,0,.80000001,1,0,.21934301
910,65,0,.73000002,0,1,.096112996
1905,26,0,.77999997,1,0,.26646999
910,26,0,.73000002,0,1,.093358003
206,75,0,.66000003,1,1,.354563
910,53,0,.73000002,0,1,.090333
1009,8,0,.62,1,1,.454061
3710,65,0,.73000002,0,0,.29565299
4601,78,0,.75999999,1,0,.308792
4609,78,0,.74000001,0,0,.26697099
4401,75,0,.73000002,0,1,.084357001
3721,53,0,.77999997,0,0,.16520201
701,53,0,.76999998,1,0,.279331
701,65,0,.76999998,1,0,.27895099
913,78,0,.70999998,0,1,.129962
2208,41,0,.74000001,1,0,.34784299
1704,62,0,.74000001,0,0,.25692999
3306,78,0,.86000001,1,0,.046225
510,53,0,.86000001,1,0,.043653
3306,89,0,.86000001,1,0,.041460998
3403,71,0,.75999999,1,0,.289626
3721,26,0,.77999997,0,0,.15007199
4601,89,0,.75999999,1,0,.28819799
1808,65,0,.80000001,1,0,.187856
3403,53,0,.75999999,1,0,.28753299
3306,65,0,.86000001,1,0,.034221999
3412,53,0,.80000001,0,0,.093978003
4401,53,0,.73000002,0,1,.060495999
507,53,0,.68000001,1,0,.48001701
4226,53,0,.69,0,1,.15901899
2208,26,0,.74000001,1,0,.32939601
3412,26,0,.80000001,0,0,.089762002
913,65,0,.70999998,0,1,.10729
507,63,0,.68000001,1,0,.47742301
3317,53,0,.83999997,1,0,.077462003
4409,76,0,.63,1,1,.39457199
913,53,0,.70999998,0,1,.105274
510,26,0,.86000001,1,0,.024604
4401,65,0,.73000002,0,1,.053328998
516,72,1,.79000002,1,0,.198608
913,88,0,.70999998,0,1,.102256
3306,57,0,.86000001,1,0,.023363
3403,65,0,.75999999,1,0,.27282599
510,65,0,.86000001,1,0,.020780999
1704,53,0,.74000001,0,0,.230295
4609,65,0,.74000001,0,0,.229634
506,63,0,.73000002,1,0,.342998
206,53,0,.66000003,1,1,.31134999
3306,26,0,.86000001,1,0,.018061001
3317,65,0,.83999997,1,0,.067521997
206,65,0,.66000003,1,1,.31018499
2105,82,0,.72000003,0,0,.27634901
507,26,0,.68000001,1,0,.464268
3321,78,0,.74000001,0,0,.223555
3506,87,0,.73000002,1,0,.33738899
3403,26,0,.75999999,1,0,.262483
3317,71,0,.83999997,1,0,.061407998
2108,84,1,.72000003,1,0,.36047801
4410,73,0,.68000001,0,1,.164708
4401,26,0,.73000002,0,1,.039778002
2105,78,0,.72000003,0,0,.26902199
3701,53,0,.75999999,1,0,.258472
3506,78,0,.73000002,1,0,.33207199
4226,26,0,.69,0,1,.136042
3905,65,0,.69,1,1,.22542299
3905,53,0,.69,1,1,.224757
2601,57,0,.64999998,1,1,.322088
4601,65,0,.75999999,1,0,.249424
3901,74,0,.63,0,1,.277356
3305,74,0,.64999998,0,0,.42987999
3005,75,0,.75,0,0,.17990901
3010,75,0,.76999998,1,0,.218713
4504,78,0,.74000001,0,0,.203462
516,26,0,.79000002,1,0,.167969
4609,53,0,.74000001,0,0,.20130301
4504,90,0,.74000001,0,0,.201121
506,53,0,.73000002,1,0,.315483
516,65,0,.79000002,1,0,.16497
4504,65,0,.74000001,0,0,.1997
2609,71,0,.64999998,0,1,.218263
3321,89,0,.74000001,0,0,.198838
206,26,0,.66000003,1,1,.281977
916,26,0,.69,1,1,.206062
4409,65,0,.63,1,1,.355656
3317,26,0,.83999997,1,0,.037590001
1903,78,0,.72000003,1,0,.336092
1204,75,0,.70999998,1,0,.36100999
2105,65,0,.72000003,0,0,.24574
2108,81,0,.72000003,1,0,.33450499
915,65,0,.66000003,0,1,.187719
915,53,0,.66000003,0,1,.187133
4601,53,0,.75999999,1,0,.23051
3416,26,0,.77999997,0,0,.090786003
3901,65,0,.63,0,1,.25866899
505,61,0,.75999999,1,0,.22948501
3416,53,0,.77999997,0,0,.089918002
2601,53,0,.64999998,1,1,.297227
1204,65,0,.70999998,1,0,.35304201
1805,26,0,.83999997,1,0,.02868
1406,64,0,.73000002,0,0,.213442
2304,71,0,.70999998,1,0,.35195899
1406,53,0,.73000002,0,0,.21257199
3416,65,0,.77999997,0,0,.087079003
2601,26,0,.64999998,1,1,.29463601
1805,53,0,.83999997,1,0,.026411001
2105,53,0,.72000003,0,0,.234657
3416,67,0,.77999997,0,0,.083796002
516,53,0,.79000002,1,0,.147037
3714,26,0,.77999997,1,0,.17178901
3506,65,0,.73000002,1,0,.296078
203,61,0,.73000002,1,1,.090218
2700,66,0,.69999999,1,0,.37081999
3005,65,0,.75,0,0,.15660501
1204,53,0,.70999998,1,0,.34486401
1904,78,0,.68000001,1,0,.41878
1704,26,0,.74000001,0,0,.178396
1904,86,0,.68000001,1,0,.41659299
3713,68,0,.66000003,0,0,.37691101
3005,53,0,.75,0,0,.150079
1805,62,1,.83999997,1,0,.014765
3905,26,0,.69,1,1,.18275
4222,63,0,.67000002,0,1,.142535
3905,76,0,.69,1,1,.18203799
1903,85,0,.72000003,1,0,.312893
3011,70,0,.69999999,0,0,.27229899
2108,65,0,.72000003,1,0,.31151199
3901,53,0,.63,0,1,.240659
3714,72,0,.77999997,1,0,.161569
3010,65,0,.76999998,1,0,.186226
3103,64,0,.73000002,1,0,.285427
4504,53,0,.74000001,0,0,.169717
4609,26,0,.74000001,0,0,.166192
203,53,0,.73000002,1,1,.072089002
3420,71,0,.81999999,1,0,.052728999
2304,65,0,.70999998,1,0,.32576799
3714,53,0,.77999997,1,0,.15001801
3714,65,0,.77999997,1,0,.149974
3601,53,0,.69,1,0,.37395999
3321,26,0,.74000001,0,0,.15779001
4504,26,0,.74000001,0,0,.157272
3103,53,0,.73000002,1,0,.27162299
3506,53,0,.73000002,1,0,.271272
2108,53,0,.72000003,1,0,.29502901
3409,71,0,.81,1,0,.068177998
2304,53,0,.70999998,1,0,.31724399
1406,26,0,.73000002,0,0,.177442
3420,53,0,.81999999,1,0,.039048001
913,26,0,.70999998,0,1,.016827
3321,53,0,.74000001,0,0,.147815
4222,53,0,.67000002,0,1,.11613
4410,65,0,.68000001,0,1,.090327002
2609,65,0,.64999998,0,1,.16496401
1506,35,0,.72000003,0,0,.19549701
3506,26,0,.73000002,1,0,.259904
3321,65,0,.74000001,0,0,.144705
706,78,0,.66000003,0,0,.342801
506,26,0,.73000002,1,0,.25601101
2105,26,0,.72000003,0,0,.189518
1204,26,0,.70999998,1,0,.303606
4608,35,1,.69,0,0,.26134601
3420,61,0,.81999999,1,0,.026462
1412,53,0,.75,0,0,.11155
2609,53,0,.64999998,0,1,.153956
1412,26,0,.75,0,0,.11029
2700,53,0,.69999999,1,0,.323259
4508,82,0,.69999999,0,0,.231089
4410,53,0,.68000001,0,1,.075094
3415,67,0,.75,0,0,.105355
1501,63,1,.76999998,1,0,.143224
605,79,0,.75,0,0,.103009
1903,65,0,.72000003,1,0,.267304
520,75,0,.70999998,0,0,.20129199
3420,26,0,.81999999,1,0,.016241999
4410,26,0,.68000001,0,1,.069881
701,26,0,.76999998,1,0,.14058299
3418,53,0,.76999998,1,0,.13938101
3418,71,0,.76999998,1,0,.13935199
3302,78,0,.61000001,1,0,.53785801
526,53,0,.69999999,1,0,.31330001
4219,53,0,.67000002,0,1,.092187002
1506,26,0,.72000003,0,0,.173236
4508,78,0,.69999999,0,0,.223125
3302,89,0,.61000001,1,0,.53667301
203,26,0,.73000002,1,1,.030152
3005,26,0,.75,0,0,.096399002
3601,65,0,.69,1,0,.335123
4219,63,0,.67000002,0,1,.089607999
2204,70,0,.72000003,1,0,.259783
3418,65,0,.76999998,1,0,.1345
3901,26,0,.63,0,1,.188428
3409,65,0,.81,1,0,.034658998
3409,26,0,.81,1,0,.033199001
3103,26,0,.73000002,1,0,.23255201
526,65,0,.69999999,1,0,.30734101
3010,53,0,.76999998,1,0,.132478
3010,26,0,.76999998,1,0,.132341
543,75,0,.70999998,0,0,.192105
207,68,0,.67000002,1,1,.17520501
3418,26,0,.76999998,1,0,.130934
524,26,0,.72000003,1,0,.25563201
4204,53,0,.66000003,1,1,.19889399
2700,65,0,.69999999,1,0,.304903
3409,53,0,.81,1,0,.028919
3305,53,0,.64999998,0,0,.33772901
520,53,0,.70999998,0,0,.187683
1903,53,0,.72000003,1,0,.25195599
1402,64,0,.81999999,1,0,.001932
2609,26,0,.64999998,0,1,.13065401
4506,78,0,.67000002,1,0,.37507799
1501,53,0,.76999998,1,0,.12554701
605,65,0,.75,0,0,.085795999
1402,53,0,.81999999,1,0,.000611
3305,65,0,.64999998,0,0,.33482501
1402,26,0,.81999999,1,0,.000014
605,78,0,.75,0,0,.084053002
4222,26,0,.67000002,0,1,.077698998
3305,26,0,.64999998,0,0,.33341399
1419,46,0,.63999999,1,0,.44730499
509,55,0,.72000003,1,0,.24721301
2205,12,0,.72000003,1,0,.24714901
3322,78,0,.69999999,0,0,.207072
207,65,0,.67000002,1,1,.16453101
2304,26,0,.70999998,1,0,.26984599
513,53,0,.67000002,1,0,.36852601
509,53,0,.72000003,1,0,.24319801
1802,53,0,.80000001,1,0,.043524999
4204,63,0,.66000003,1,1,.18600801
2108,26,0,.72000003,1,0,.24174701
4507,78,0,.75999999,1,0,.139962
3713,65,0,.66000003,0,0,.29938501
605,26,0,.75,0,0,.074721999
4601,26,0,.75999999,1,0,.138475
3014,75,0,.67000002,1,0,.36049601
513,75,0,.67000002,1,0,.36025101
1802,26,0,.80000001,1,0,.034582999
3011,26,0,.69999999,0,0,.192983
4212,61,0,.70999998,1,1,.050971001
3415,65,0,.75,0,0,.066886999
543,53,0,.70999998,0,0,.166583
605,53,0,.75,0,0,.066643
1902,89,0,.70999998,0,0,.166366
2201,53,0,.69999999,1,0,.28040799
3719,72,0,.76999998,0,0,.016294001
1410,64,0,.72000003,0,0,.140567
543,26,0,.70999998,0,0,.16549
3415,53,0,.75,0,0,.065637998
1802,78,0,.80000001,1,0,.028982
520,26,0,.70999998,0,0,.163551
1501,26,0,.76999998,1,0,.103055
1414,64,0,.73000002,0,0,.113116
704,81,0,.70999998,0,0,.162266
1410,53,0,.72000003,0,0,.136517
3326,26,0,.75,0,0,.060672998
3719,53,0,.76999998,0,0,.010735
3326,53,0,.75,0,0,.060281001
526,75,0,.69999999,1,0,.27430901
520,65,0,.70999998,0,0,.158756
1802,90,0,.80000001,1,0,.023241
3719,65,0,.76999998,0,0,.0077320002
915,26,0,.66000003,0,1,.076127
2201,78,0,.69999999,1,0,.271355
543,65,0,.70999998,0,0,.15674201
3324,46,0,.72000003,0,0,.13173001
4220,53,0,.69999999,1,1,.065181002
3326,65,0,.75,0,0,.056632999
1419,26,0,.63999999,1,0,.42002299
3701,26,0,.75999999,1,0,.120638
3326,78,0,.75,0,0,.055039
1414,53,0,.73000002,0,0,.104534
2201,65,0,.69999999,1,0,.268646
3011,65,0,.69999999,0,0,.178615
4219,26,0,.67000002,0,1,.047518998
1414,26,0,.73000002,0,0,.10345
2117,84,0,.69999999,1,0,.267277
2204,65,0,.72000003,1,0,.21624599
3719,26,0,.76999998,0,0,.001608
528,67,0,.75999999,1,0,.115419
2201,89,0,.69999999,1,0,.264406
2204,53,0,.72000003,1,0,.21450301
3324,26,0,.72000003,0,0,.124918
4409,53,0,.63,1,1,.23290201
4220,63,0,.69999999,1,1,.058065001
2305,84,0,.69999999,1,0,.26325899
4608,26,0,.69,0,0,.198073
4205,31,1,.60000002,1,1,.30616301
3326,89,0,.75,0,0,.048025999
1802,65,0,.80000001,1,0,.011808
509,26,0,.72000003,1,0,.20902701
3410,71,0,.70999998,0,0,.144495
513,26,0,.67000002,1,0,.33374801
3011,53,0,.69999999,0,0,.168001
513,65,0,.67000002,1,0,.331947
4704,53,0,.61000001,1,0,.48123601
207,53,0,.67000002,1,1,.12527101
1410,26,0,.72000003,0,0,.116176
4704,56,0,.61000001,1,0,.47923699
2700,26,0,.69999999,1,0,.25395599
3322,65,0,.69999999,0,0,.16445599
2117,78,0,.69999999,1,0,.25388601
3013,6,1,.69,0,0,.18873499
901,66,0,.66000003,1,1,.147085
3302,65,0,.61000001,1,0,.47681701
706,83,1,.66000003,0,0,.26256299
3322,89,1,.69999999,0,0,.162103
1001,70,0,.67000002,1,1,.120335
545,26,0,.74000001,0,0,.061875001
3713,53,0,.66000003,0,0,.26084599
3302,26,0,.61000001,1,0,.47475499
601,55,0,.69,1,0,.274959
403,75,0,.68000001,0,0,.210144
1904,65,0,.68000001,1,0,.299413
521,26,0,.69,0,0,.182124
4212,26,0,.70999998,1,1,.015703
1602,54,0,.73000002,1,0,.170315
2104,59,0,.69999999,0,0,.155371
1007,43,0,.63999999,1,1,.188087
3406,71,0,.74000001,0,0,.054852001
3322,53,0,.69999999,0,0,.15354601
3713,26,0,.66000003,0,0,.251912
4704,26,0,.61000001,1,0,.465978
4204,26,0,.66000003,1,1,.13485301
545,53,0,.74000001,0,0,.051383998
3413,18,0,.69,1,0,.265008
3417,53,0,.76999998,1,0,.065422997
2204,26,0,.72000003,1,0,.189834
3322,26,0,.69999999,0,0,.15017299
4506,53,0,.67000002,1,0,.31428
201,75,0,.58999997,0,1,.217207
521,52,0,.69,0,0,.17300899
4506,65,0,.67000002,1,0,.31090501
4223,18,0,.63999999,1,1,.179464
1902,78,0,.70999998,0,0,.120952
539,75,1,.73000002,0,0,.070798002
3417,65,0,.76999998,1,0,.060394
1001,65,0,.67000002,1,1,.102396
3415,26,0,.75,0,0,.01887
1902,53,0,.70999998,0,0,.118613
4508,53,0,.69999999,0,0,.14351501
4508,65,0,.69999999,0,0,.142809
2117,53,0,.69999999,1,0,.23215599
4212,53,0,.70999998,1,1,.001217
4408,26,0,.62,0,1,.136051
4409,26,0,.63,1,1,.200487
4703,71,0,.74000001,1,0,.131872
505,53,0,.75999999,1,0,.081231996
3417,71,0,.76999998,1,0,.056239001
2305,53,0,.69999999,1,0,.230656
2104,53,0,.69999999,0,0,.140891
601,53,0,.69,1,0,.25529701
603,20,0,.77999997,1,0,.030270001
3406,65,0,.74000001,0,0,.040539999
2305,78,0,.69999999,1,0,.22974201
2305,65,0,.69999999,1,0,.229266
3410,65,0,.70999998,0,0,.113293
528,26,0,.75999999,1,0,.077895999
704,65,0,.70999998,0,0,.113031
535,53,0,.69999999,0,0,.137805
1902,26,0,.70999998,0,0,.112273
2201,26,0,.69999999,1,0,.225427
601,26,0,.69,1,0,.250054
2206,74,0,.63,1,0,.39939401
1804,74,0,.69999999,1,0,.22436599
528,53,0,.75999999,1,0,.074156001
201,65,0,.58999997,0,1,.20287099
3417,26,0,.76999998,1,0,.049015
4408,51,1,.62,0,1,.12642901
2117,65,0,.69999999,1,0,.221439
3414,71,1,.74000001,1,0,.121635
4108,83,0,.62,1,1,.215066
1007,26,0,.63999999,1,1,.16507
1001,53,0,.67000002,1,1,.089264996
535,56,0,.69999999,0,0,.130697
3410,53,0,.70999998,0,0,.105581
3716,53,0,.73000002,0,0,.05548
3716,65,0,.73000002,0,0,.055103999
1001,26,0,.67000002,1,1,.088399999
207,26,0,.67000002,1,1,.087587997
1904,53,0,.68000001,1,0,.26824901
4607,78,0,.61000001,1,0,.44286001
3302,53,0,.61000001,1,0,.44270501
3601,26,0,.69,1,0,.242212
528,65,0,.75999999,1,0,.067469001
403,65,0,.68000001,0,0,.176929
3716,72,0,.73000002,0,0,.052118
1902,65,0,.70999998,0,0,.101982
706,65,0,.66000003,0,0,.22581699
4507,90,0,.75999999,1,0,.065805003
706,53,0,.66000003,0,0,.225633
539,26,0,.73000002,0,0,.050855
3419,71,0,.69999999,1,0,.214349
545,65,0,.74000001,0,0,.025056001
704,53,0,.70999998,0,0,.099036001
1602,53,0,.73000002,1,0,.138109
539,65,0,.73000002,0,0,.048209999
3410,26,0,.70999998,0,0,.098004997
2109,74,0,.69,0,0,.14779601
4607,80,1,.61000001,1,0,.436232
3315,76,0,.61000001,0,0,.34623
545,75,0,.74000001,0,0,.020865001
4108,78,0,.62,1,1,.20383701
1906,26,0,.75,1,0,.084532999
4507,65,0,.75999999,1,0,.057932001
4220,26,0,.69999999,1,1,.001165
3505,80,1,.72000003,0,0,.066688001
3329,53,0,.68000001,0,0,.16518
3505,65,0,.72000003,0,0,.065045998
539,53,0,.73000002,0,0,.038741998
4508,26,0,.69999999,0,0,.112421
3505,78,0,.72000003,0,0,.061326999
4507,53,0,.75999999,1,0,.050581999
535,26,0,.69999999,0,0,.109981
3505,53,0,.72000003,0,0,.059927002
2109,53,0,.69,0,0,.133864
901,65,0,.66000003,1,1,.092087999
505,26,0,.75999999,1,0,.048106
3329,89,0,.68000001,0,0,.158136
401,65,0,.72000003,0,0,.057985999
4108,65,0,.62,1,1,.18880101
3716,26,0,.73000002,0,0,.030471999
3406,53,0,.74000001,0,0,.0053329999
1602,26,0,.73000002,1,0,.118818
3406,26,0,.74000001,0,0,.0041209999
4703,65,0,.74000001,1,0,.092533998
4506,26,0,.67000002,1,0,.26204199
2107,78,0,.75,1,0,.062334001
901,53,0,.66000003,1,1,.080789
401,78,0,.72000003,0,0,.047403
1906,53,0,.75,1,0,.061305001
3414,65,0,.74000001,1,0,.085152999
2104,26,0,.69999999,0,0,.094633996
901,26,0,.66000003,1,1,.077965997
2109,26,0,.69,0,0,.119503
1603,53,0,.73000002,0,0,.019146999
3419,26,0,.69999999,1,0,.18207601
3419,65,0,.69999999,1,0,.18144301
1509,71,0,.69999999,1,0,.180503
4703,53,0,.74000001,1,0,.079977997
1603,65,0,.73000002,0,0,.015407
201,53,0,.58999997,0,1,.15857001
3329,65,0,.68000001,0,0,.13941
1603,73,0,.73000002,0,0,.014001
4701,24,0,.74000001,1,0,.078502998
3014,53,0,.67000002,1,0,.25186801
3505,26,0,.72000003,0,0,.037369002
3604,72,0,.70999998,1,0,.14775001
1413,53,0,.69999999,0,0,.082337998
403,26,0,.68000001,0,0,.132232
2109,65,0,.69,0,0,.107272
3704,72,0,.69,1,0,.196702
4506,90,0,.67000002,1,0,.24627
1603,26,0,.73000002,0,0,.0070659998
1804,65,0,.69999999,1,0,.171032
1509,65,0,.69999999,1,0,.170909
3419,53,0,.69999999,1,0,.170909
403,53,0,.68000001,0,0,.131034
2305,26,0,.69999999,1,0,.170441
3329,78,0,.68000001,0,0,.130777
2206,65,0,.63,1,0,.34498
1413,64,0,.69999999,0,0,.079728998
4603,67,0,.68000001,0,0,.129186
3014,65,0,.67000002,1,0,.24339999
3329,26,0,.68000001,0,0,.12610599
201,26,0,.58999997,0,1,.142588
3315,65,0,.61000001,0,0,.29799801
4703,26,0,.74000001,1,0,.063026004
402,71,0,.73000002,1,0,.087732002
4108,53,0,.62,1,1,.15330499
517,19,0,.70999998,0,0,.044091001
3414,26,0,.74000001,1,0,.058531001
4507,26,0,.75999999,1,0,.0078360001
1420,47,0,.68000001,1,0,.206525
3704,53,0,.69,1,0,.181189
3704,65,0,.69,1,0,.180454
401,53,0,.72000003,0,0,.015541
2107,84,0,.75,1,0,.029902
1413,26,0,.69999999,0,0,.064759001
402,53,0,.73000002,1,0,.075879
401,26,0,.72000003,0,0,.011031
704,26,0,.70999998,0,0,.035873
3414,53,0,.74000001,1,0,.050446998
2606,58,0,.62,0,1,.053847
401,89,0,.72000003,0,0,.010157
2107,65,0,.75,1,0,.024651
2117,26,0,.69999999,1,0,.148976
1906,63,0,.75,1,0,.024011999
1409,53,0,.66000003,1,0,.24703699
402,65,0,.73000002,1,0,.069753997
1420,26,0,.68000001,1,0,.194004
3704,26,0,.69,1,0,.16806801
4406,65,0,.63,1,1,.109767
4607,65,0,.61000001,1,0,.36432299
2107,53,0,.75,1,0,.014626
1806,78,0,.69,1,0,.162063
2206,53,0,.63,1,0,.310976
2606,53,0,.62,0,1,.039997999
1509,53,0,.69999999,1,0,.135217
1904,26,0,.68000001,1,0,.18455701
2402,75,0,.63999999,1,1,.078106001
3604,65,0,.70999998,1,0,.109065
4605,80,0,.63999999,1,0,.28208199
4406,76,0,.63,1,1,.100206
2309,66,0,.67000002,1,0,.205651
3604,53,0,.70999998,1,0,.10552
541,1,0,.66000003,0,0,.13989399
4603,53,0,.68000001,0,0,.089133002
706,26,0,.66000003,0,0,.139028
4000,24,1,.70999998,1,0,.103248
2402,65,0,.63999999,1,1,.071497999
2107,26,0,.75,1,0,.00151
3002,75,0,.64999998,1,0,.250664
2610,63,0,.61000001,0,1,.054673001
402,26,0,.73000002,1,0,.050310999
1804,53,0,.69999999,1,0,.122667
1806,65,0,.69,1,0,.14731801
2610,53,0,.61000001,0,1,.048691001
1509,26,0,.69999999,1,0,.118807
2606,26,0,.62,0,1,.021795999
1806,79,0,.69,1,0,.14091299
1903,26,0,.72000003,1,0,.064011
4603,65,0,.68000001,0,0,.070211001
4102,83,0,.56,0,1,.162974
3315,53,0,.61000001,0,0,.243935
526,26,0,.69999999,1,0,.108397
4603,26,0,.68000001,0,0,.06724
2301,26,0,.70999998,1,0,.081404999
2206,26,0,.63,1,0,.280875
2610,26,0,.61000001,0,1,.034662001
4402,76,0,.60000002,1,1,.14774901
2301,71,0,.70999998,1,0,.078833997
4605,78,0,.63999999,1,0,.252754
4103,78,0,.56999999,1,1,.22133601
518,75,0,.69,1,0,.127525
3604,26,0,.70999998,1,0,.077473998
2309,65,0,.67000002,1,0,.175871
4103,83,0,.56999999,1,1,.21890099
1804,26,0,.69999999,1,0,.098582998
2301,53,0,.70999998,1,0,.071878001
512,75,0,.50999999,0,0,.478374
4201,49,0,.62,1,1,.086925998
3014,26,0,.67000002,1,0,.167088
2302,35,0,.66000003,0,0,.101311
1908,89,0,.62,0,0,.20076101
2202,78,0,.56999999,0,0,.32499501
2306,75,0,.58999997,0,0,.275042
2114,84,0,.62,1,0,.28521401
2202,53,0,.56999999,0,0,.31879699
4607,53,0,.61000001,1,0,.30718201
4406,53,0,.63,1,1,.051391002
2301,65,0,.70999998,1,0,.057195
4102,78,0,.56,0,1,.134491
1806,26,0,.69,1,0,.105162
405,89,0,.67000002,0,0,.063366003
3004,61,0,.64999998,0,0,.112127
2306,65,0,.58999997,0,0,.261428
518,53,0,.69,1,0,.101175
1206,72,0,.63999999,0,0,.13640299
1806,53,0,.69,1,0,.097747996
2309,53,0,.67000002,1,0,.146382
1604,84,0,.63,1,0,.246004
518,26,0,.69,1,0,.096139997
2306,53,0,.58999997,0,0,.25581601
2801,38,0,.66000003,0,0,.081064001
3602,72,0,.62,0,0,.17822701
1908,78,0,.62,0,0,.178187
2202,65,0,.56999999,0,0,.30112401
518,65,0,.69,1,0,.090554997
1604,78,0,.63,1,0,.239921
3002,65,0,.64999998,1,0,.189916
3707,21,0,.67000002,0,0,.049520999
3602,65,0,.62,0,0,.17357101
4406,26,0,.63,1,1,.03215
2114,78,0,.62,1,0,.262568
2202,80,0,.56999999,0,0,.29715699
3002,53,0,.64999998,1,0,.18661299
2402,53,0,.63999999,1,1,.0022
405,78,0,.67000002,0,0,.042633999
2402,26,0,.63999999,1,1,.00069000002
800,75,0,.67000002,1,0,.13125201
2002,54,1,.66000003,0,0,.066319004
532,26,0,.66000003,1,0,.152913
1205,36,0,.63,0,0,.13824201
3320,82,0,.5,1,0,.55193299
2801,26,0,.66000003,0,0,.062913999
1006,5,0,.57999998,0,1,.055826999
3723,70,0,.62,0,0,.161146
3004,53,0,.64999998,0,0,.085063003
4201,26,0,.62,1,1,.042982001
2303,53,0,.62,1,0,.248565
2202,26,0,.56999999,0,0,.28366399
2115,53,0,.63,1,0,.223418
532,39,0,.66000003,1,0,.14726
3004,26,0,.64999998,0,0,.082604997
3002,26,0,.64999998,1,0,.171363
2114,65,0,.62,1,0,.24585401
918,23,0,.60000002,0,1,0
2002,53,0,.66000003,0,0,.056015
4102,65,0,.56,0,1,.098819003
2303,65,0,.62,1,0,.24445701
531,65,0,.70999998,1,0,.018851001
540,53,0,.67000002,0,0,.027791999
542,53,0,.63999999,0,0,.102249
1411,53,1,.63999999,1,0,.190777
2309,26,0,.67000002,1,0,.115308
4108,26,0,.62,1,1,.033771999
2115,26,0,.63,1,0,.214049
4402,53,0,.60000002,1,1,.081270002
531,26,0,.70999998,1,0,.011425
405,65,0,.67000002,0,0,.021153999
606,85,0,.63,0,0,.120785
542,65,0,.63999999,0,0,.095051996
4402,65,0,.60000002,1,1,.077909
405,26,0,.67000002,0,0,.018468
1908,65,0,.62,0,0,.14229999
405,53,0,.67000002,0,0,.017013
4103,65,0,.56999999,1,1,.14994
531,53,0,.70999998,1,0,.0057270001
3602,53,0,.62,0,0,.14014
3903,61,0,.52999997,1,1,.247447
906,70,0,.52999997,0,1,.15750401
1002,76,0,.61000001,1,1,.047226999
606,78,0,.63,0,0,.11333
2302,26,0,.66000003,0,0,.037537001
540,26,0,.67000002,0,0,.012109
531,75,1,.70999998,1,0,.00092100003
2115,59,0,.63,1,0,.200449
4103,53,0,.56999999,1,1,.144125
4605,65,0,.63999999,1,0,.17394
2114,53,0,.62,1,0,.223333
540,64,0,.67000002,0,0,.0090840003
3502,78,0,.63999999,1,0,.17269
1206,65,0,.63999999,0,0,.082624003
3315,26,0,.61000001,0,0,.157323
3723,65,0,.62,0,0,.131295
1205,26,0,.63,0,0,.103243
1002,65,0,.61000001,1,1,.035402
3723,53,0,.62,0,0,.126728
542,71,0,.63999999,0,0,.073880002
2604,58,0,.57999998,1,1,.106009
1409,26,0,.66000003,1,0,.11032
534,26,0,.63,1,0,.184201
4607,26,0,.61000001,1,0,.23268799
2002,26,0,.66000003,0,0,.017394001
1908,53,0,.62,0,0,.114928
1206,53,0,.63999999,0,0,.064116001
906,65,0,.52999997,0,1,.132503
1703,26,0,.69,1,0,.026938999
3411,61,0,.61000001,1,0,.22604901
534,53,0,.63,1,0,.17578501
800,26,0,.67000002,1,0,.075753003
606,65,0,.63,0,0,.085001998
1411,26,0,.63999999,1,0,.148279
542,26,0,.63999999,0,0,.058687001
4402,26,0,.60000002,1,1,.042027
534,61,0,.63,1,0,.172912
606,53,0,.63,0,0,.081923999
537,26,0,.63999999,0,0,.055801
1703,42,0,.69,1,0,.019721
2608,59,0,.51999998,1,1,.237481
2608,53,0,.51999998,1,1,.234685
4605,53,0,.63999999,1,0,.138743
1004,10,1,.60000002,1,1,.031222001
2303,66,1,.62,1,0,.186876
4102,53,0,.56,0,1,.040274002
2114,26,0,.62,1,0,.185496
800,53,0,.67000002,1,0,.059684001
3331,80,0,.52999997,0,0,.31926301
1002,26,0,.61000001,1,1,.002934
537,53,0,.63999999,0,0,.044039998
1002,53,0,.61000001,1,1,.002325
2604,53,0,.57999998,1,1,.075933002
3723,26,0,.62,0,0,.092336997
1507,71,0,.61000001,0,0,.116665
3602,26,0,.62,0,0,.089011997
1507,26,0,.61000001,0,0,.113464
2306,26,0,.58999997,0,0,.161892
537,61,0,.63999999,0,0,.036975998
3903,26,0,.52999997,1,1,.19486
800,65,0,.67000002,1,0,.0504
906,53,0,.52999997,0,1,.103918
1409,64,0,.66000003,1,0,.07412
3706,24,0,.63,1,0,.148607
1507,65,0,.61000001,0,0,.108859
4102,26,0,.56,0,1,.027590999
1206,26,0,.63999999,0,0,.028616
2111,78,0,.58999997,0,0,.150012
3903,53,0,.52999997,1,1,.183056
1604,26,0,.63,1,0,.13903201
1507,53,0,.61000001,0,0,.096291997
3502,65,0,.63999999,1,0,.10854
3201,53,0,.63,1,0,.13299499
2111,53,0,.58999997,0,0,.143085
4205,26,0,.60000002,1,1,0
3502,53,0,.63999999,1,0,.104327
1604,65,0,.63,1,0,.128425
1604,53,0,.63,1,0,.12747499
3320,78,0,.5,1,0,.449357
502,68,0,.57999998,0,0,.16011401
1908,26,0,.62,0,0,.059893001
904,71,0,.5,0,1,.153237
2604,26,0,.57999998,1,1,.042720001
1810,22,0,.67000002,1,0,.024021
606,26,0,.63,0,0,.030529
3502,81,0,.63999999,1,0,.093906999
3411,53,0,.61000001,1,0,.167108
2111,26,0,.58999997,0,0,.125341
3502,26,0,.63999999,1,0,.084738001
906,26,0,.52999997,0,1,.062261
4405,76,0,.54000002,1,1,.124945
2111,84,1,.58999997,0,0,.113041
2111,65,0,.58999997,0,0,.112727
4605,26,0,.63999999,1,0,.072447002
2608,26,0,.51999998,1,1,.164768
904,65,0,.5,0,1,.123533
3411,26,0,.61000001,1,0,.14431199
2404,65,0,.54000002,1,1,.111627
4103,26,0,.56999999,1,1,.036706999
3405,69,0,.60000002,0,0,.076109998
2106,84,0,.57999998,1,0,.214793
3303,2,0,.56999999,1,0,.239696
3331,78,0,.52999997,0,0,.246939
3718,12,0,.62,1,0,.111604
1302,73,0,.63,1,0,.083917998
515,26,0,.66000003,1,0,.0086120004
2106,78,0,.57999998,1,0,.20764101
1403,64,1,.62,1,0,.107733
538,75,0,.58999997,0,0,.093000002
502,65,0,.57999998,0,0,.114643
1302,65,0,.63,1,0,.078566998
702,73,0,.63,1,0,.077464998
904,53,0,.5,0,1,.105406
512,65,0,.50999999,0,0,.28623599
100,50,1,.62,0,0,.010986
2102,81,0,.54000002,0,0,.209149
3902,76,0,.51999998,0,1,.052638002
2102,78,0,.54000002,0,0,.207435
3902,65,0,.51999998,0,1,.048757002
100,26,0,.62,0,0,.0034419999
2501,53,0,.60000002,1,0,.14275201
914,39,0,.54000002,1,1,.086065002
3323,75,0,.61000001,1,0,.116573
1203,75,0,.63,1,0,.066504002
2501,26,0,.60000002,1,0,.13841499
538,26,0,.58999997,0,0,.072893001
3006,75,0,.61000001,1,0,.112291
2605,56,0,.51999998,1,1,.130615
2404,53,0,.54000002,1,1,.078152999
3201,71,0,.63,1,0,.056527
3314,65,0,.60000002,0,0,.040998001
2605,53,0,.51999998,1,1,.123251
1504,61,0,.60000002,1,0,.129383
3902,53,0,.51999998,0,1,.033270001
502,53,0,.57999998,0,0,.088656001
3405,65,0,.60000002,0,0,.038343001
538,65,0,.58999997,0,0,.062573999
1201,53,0,.60000002,0,0,.035551
3405,53,0,.60000002,0,0,.035523999
1201,65,0,.60000002,0,0,.035477001
1201,75,0,.60000002,0,0,.033403002
2501,61,0,.60000002,1,0,.122756
3902,26,0,.51999998,0,1,.026691999
1302,53,0,.63,1,0,.047570001
2308,27,0,.57999998,0,0,.078551002
1422,26,0,.63999999,1,0,.01791
1203,53,0,.63,1,0,.042824
2308,26,0,.57999998,0,0,.077734999
3006,53,0,.61000001,1,0,.091794997
1203,65,0,.63,1,0,.041529
2106,65,0,.57999998,1,0,.165236
1417,40,0,.63999999,1,0,.01332
1508,60,0,.61000001,1,0,.087939002
3006,65,0,.61000001,1,0,.087718002
3320,65,0,.5,1,0,.36178699
4800,65,0,.55000001,0,0,.14754
3314,77,0,.60000002,0,0,.021802999
1417,26,0,.63999999,1,0,.0086749997
3904,71,1,.51999998,1,1,.101188
2611,68,1,.5,0,1,.061462998
602,46,0,.62,1,0,.057045002
2611,65,0,.5,0,1,.060984001
3405,26,0,.60000002,0,0,.017217999
3201,65,0,.63,1,0,.030696999
1422,53,0,.63999999,1,0,.0049089999
1422,64,0,.63999999,1,0,.004226
3314,53,0,.60000002,0,0,.012202
1403,26,0,.62,1,0,.051353
3330,78,0,.56,1,0,.20092499
1403,53,0,.62,1,0,.051052
2106,53,0,.57999998,1,0,.149195
1203,26,0,.63,1,0,.024331
2102,65,0,.54000002,0,0,.155853
3715,57,0,.56999999,0,0,.080689996
2102,53,0,.54000002,0,0,.15456399
538,53,0,.58999997,0,0,.0298
3201,26,0,.63,1,0,.018362001
1201,26,0,.60000002,0,0,.0036820001
2611,53,0,.5,0,1,.047228001
1302,26,0,.63,1,0,.016421
904,26,0,.5,0,1,.045340002
4405,53,0,.54000002,1,1,.033744
3314,26,0,.60000002,0,0,0
4405,65,0,.54000002,1,1,.031870998
702,26,0,.63,1,0,.012006
3327,65,0,.56999999,0,0,.071699001
702,65,0,.63,1,0,.010465
1504,53,0,.60000002,1,0,.085228004
3301,82,0,.5,1,0,.33456001
702,53,0,.63,1,0,.010172
3327,71,0,.56999999,0,0,.069968
3715,53,0,.56999999,0,0,.069720998
512,53,0,.50999999,0,0,.218991
523,17,0,.63,1,0,.0087059997
1508,53,0,.61000001,1,0,.057714999
3006,26,0,.61000001,1,0,.057100002
3715,5,0,.56999999,0,0,.066969998
3331,65,0,.52999997,0,0,.16549601
3323,53,0,.61000001,1,0,.054515999
2303,26,0,.62,1,0,.029323
4301,26,0,.58999997,0,0,.014187
4405,26,0,.54000002,1,1,.021326
3323,65,0,.61000001,1,0,.052219
602,26,0,.62,1,0,.023642
4301,49,0,.58999997,0,0,.0089809997
502,26,0,.57999998,0,0,.032457002
2102,26,0,.54000002,0,0,.12942
1418,53,0,.54000002,0,0,.12860399
914,31,0,.54000002,1,1,.012026
2404,75,0,.54000002,1,1,.010342
2112,44,0,.52999997,1,0,.238637
2404,26,0,.54000002,1,1,.0072019999
3331,53,0,.52999997,0,0,.14802
3904,65,0,.51999998,1,1,.056058001
3327,53,0,.56999999,0,0,.046831999
2106,26,0,.57999998,1,0,.109944
501,31,1,.62,1,0,.0081789996
4800,53,0,.55000001,0,0,.092472002
501,26,0,.62,1,0,.0066860002
1508,26,0,.61000001,1,0,.029736999
3301,78,0,.5,1,0,.30076599
2502,20,0,.55000001,0,0,.085813001
3202,71,1,.56999999,0,0,.035626002
2611,26,0,.5,0,1,.003608
4602,70,0,.57999998,1,0,.096694998
3323,26,0,.61000001,1,0,.021811999
2103,53,0,.56999999,1,0,.117486
3330,65,0,.56,1,0,.1406
2207,53,0,.54000002,0,0,.100508
4800,26,0,.55000001,0,0,.074878
1405,26,0,.61000001,1,0,.014455
1405,57,0,.61000001,1,0,.014002
3327,26,0,.56999999,0,0,.023910001
1405,53,0,.61000001,1,0,.012849
4214,9,0,.52999997,1,1,.0010930001
530,13,0,.58999997,1,0,.056906
2605,26,0,.51999998,1,1,.024541
3202,26,0,.56999999,0,0,.015869001
3202,65,0,.56999999,0,0,.011955
1510,65,0,.60000002,1,0,.025133001
2207,61,1,.54000002,0,0,.084515996
1418,64,0,.54000002,0,0,.082245
3202,53,0,.56999999,0,0,.0068729999
2902,53,0,.56,0,0,.030571001
2902,60,0,.56,0,0,.030113
1418,26,0,.54000002,0,0,.079489999
1510,53,0,.60000002,1,0,.017858
1421,1,0,.52999997,0,0,.103014
1510,26,0,.60000002,1,0,.017428
3904,53,0,.51999998,1,1,.01025
4213,50,1,.51999998,1,1,.0094849998
512,26,0,.50999999,0,0,.148544
2207,26,0,.54000002,0,0,.072985999
3801,18,0,.56,0,0,.022593001
4602,65,0,.57999998,1,0,.060626
3904,26,0,.51999998,1,1,.0039090002
4213,26,0,.51999998,1,1,.00098400004
2902,26,0,.56,0,0,.015628001
544,14,0,.58999997,1,0,.028915999
4501,42,1,.55000001,0,0,.037978999
3330,53,0,.56,1,0,.102168
1504,26,0,.60000002,1,0,.00034999999
1702,57,0,.60000002,1,0,.000086
1702,53,0,.60000002,1,0,0
1702,26,0,.60000002,1,0,0
2307,44,0,.52999997,0,0,.08495
1505,53,0,.56,1,0,.099109001
4302,53,1,.56999999,1,0,.073904999
1505,61,0,.56,1,0,.095041998
2103,26,0,.56999999,1,0,.062809996
508,65,0,.55000001,1,0,.112273
2112,26,0,.52999997,1,0,.16189399
508,26,0,.55000001,1,0,.1114
4302,26,0,.56999999,1,0,.056937002
3708,15,0,.56,1,0,.081350997
4602,26,0,.57999998,1,0,.028794
4602,53,0,.57999998,1,0,.02857
3301,65,0,.5,1,0,.22587
3330,83,0,.56,1,0,.074643001
508,53,0,.55000001,1,0,.097549997
1505,26,0,.56,1,0,.072323002
1503,25,0,.54000002,0,0,.031821001
2307,26,0,.52999997,0,0,.056138001
3320,53,0,.5,1,0,.21975499
4501,26,0,.55000001,0,0,.0024270001
1707,5,1,.57999998,1,0,.013366
519,53,0,.5,0,0,.121893
536,63,1,.54000002,1,0,.11135
508,75,0,.55000001,1,0,.086057998
3605,40,1,.5,0,0,.119746
1502,5,0,.52999997,1,0,.131143
519,26,0,.5,0,0,.108419
3319,78,0,.56,1,0,.047015999
3319,65,0,.56,1,0,.045699999
3330,26,0,.56,1,0,.040187001
3331,26,0,.52999997,0,0,.024388
3319,53,0,.56,1,0,.020847
3605,26,0,.5,0,0,.080477998
3501,2,0,.51999998,0,0,.024289001
3301,53,0,.5,1,0,.161386
3319,26,0,.56,1,0,.0069860001
536,53,0,.54000002,1,0,.056260001
3319,89,0,.56,1,0,.00077500002
3003,71,1,.50999999,1,0,.122412
3101,29,1,.5,0,0,.037255
2802,52,0,.5,1,0,.119161
3101,26,0,.5,0,0,.024214
4503,53,1,.5,1,0,.103818
536,26,0,.54000002,1,0,.0035379999
3003,65,0,.50999999,1,0,.066707999
3320,26,0,.5,1,0,.060644999
3003,53,0,.50999999,1,0,.020835999
1901,6,0,.5,1,0,.040337998
3003,26,0,.50999999,1,0,.015244
3301,26,0,.5,1,0,.015006
4503,26,0,.5,1,0,.01375
1404,5,1,.5,1,0,.011779
2802,26,0,.5,1,0,.0065179998
